[{"model": "admin.logentry", "pk": 1, "fields": {"action_time": "2025-09-29T06:40:06.205Z", "user": 2, "content_type": 7, "object_id": "3", "object_repr": "Captain at Rapido - Alphons K Thomas", "action_flag": 3, "change_message": ""}}, {"model": "admin.logentry", "pk": 2, "fields": {"action_time": "2025-09-29T20:42:03.601Z", "user": 2, "content_type": 12, "object_id": "1", "object_repr": "haari@gmail.com → sasa@gmail.com | Accepted: False", "action_flag": 3, "change_message": ""}}, {"model": "admin.logentry", "pk": 3, "fields": {"action_time": "2025-09-30T05:11:48.294Z", "user": 2, "content_type": 13, "object_id": "1", "object_repr": "haari@gmail.com ↔ sasa@gmail.com", "action_flag": 3, "change_message": ""}}, {"model": "admin.logentry", "pk": 4, "fields": {"action_time": "2025-09-30T05:50:15.953Z", "user": 2, "content_type": 12, "object_id": "6", "object_repr": "sasa@gmail.com → admin | Accepted: False", "action_flag": 3, "change_message": ""}}, {"model": "admin.logentry", "pk": 5, "fields": {"action_time": "2025-09-30T05:55:23.007Z", "user": 2, "content_type": 13, "object_id": "2", "object_repr": "sasa@gmail.com ↔ haari@gmail.com", "action_flag": 3, "change_message": ""}}, {"model": "admin.logentry", "pk": 6, "fields": {"action_time": "2025-10-01T08:40:05.547Z", "user": 2, "content_type": 9, "object_id": "3", "object_repr": "Visal Baapuji", "action_flag": 3, "change_message": ""}}, {"model": "admin.logentry", "pk": 7, "fields": {"action_time": "2025-10-01T08:41:20.401Z", "user": 2, "content_type": 4, "object_id": "4", "object_repr": "visal@gmail.com", "action_flag": 3, "change_message": ""}}, {"model": "admin.logentry", "pk": 8, "fields": {"action_time": "2025-10-01T11:25:21.749Z", "user": 2, "content_type": 12, "object_id": "15", "object_repr": "sasa@gmail.com → haari@gmail.com | Accepted: False", "action_flag": 3, "change_message": ""}}, {"model": "auth.permission", "pk": 1, "fields": {"name": "Can add log entry", "content_type": 1, "codename": "add_logentry"}}, {"model": "auth.permission", "pk": 2, "fields": {"name": "Can change log entry", "content_type": 1, "codename": "change_logentry"}}, {"model": "auth.permission", "pk": 3, "fields": {"name": "Can delete log entry", "content_type": 1, "codename": "delete_logentry"}}, {"model": "auth.permission", "pk": 4, "fields": {"name": "Can view log entry", "content_type": 1, "codename": "view_logentry"}}, {"model": "auth.permission", "pk": 5, "fields": {"name": "Can add permission", "content_type": 2, "codename": "add_permission"}}, {"model": "auth.permission", "pk": 6, "fields": {"name": "Can change permission", "content_type": 2, "codename": "change_permission"}}, {"model": "auth.permission", "pk": 7, "fields": {"name": "Can delete permission", "content_type": 2, "codename": "delete_permission"}}, {"model": "auth.permission", "pk": 8, "fields": {"name": "Can view permission", "content_type": 2, "codename": "view_permission"}}, {"model": "auth.permission", "pk": 9, "fields": {"name": "Can add group", "content_type": 3, "codename": "add_group"}}, {"model": "auth.permission", "pk": 10, "fields": {"name": "Can change group", "content_type": 3, "codename": "change_group"}}, {"model": "auth.permission", "pk": 11, "fields": {"name": "Can delete group", "content_type": 3, "codename": "delete_group"}}, {"model": "auth.permission", "pk": 12, "fields": {"name": "Can view group", "content_type": 3, "codename": "view_group"}}, {"model": "auth.permission", "pk": 13, "fields": {"name": "Can add user", "content_type": 4, "codename": "add_user"}}, {"model": "auth.permission", "pk": 14, "fields": {"name": "Can change user", "content_type": 4, "codename": "change_user"}}, {"model": "auth.permission", "pk": 15, "fields": {"name": "Can delete user", "content_type": 4, "codename": "delete_user"}}, {"model": "auth.permission", "pk": 16, "fields": {"name": "Can view user", "content_type": 4, "codename": "view_user"}}, {"model": "auth.permission", "pk": 17, "fields": {"name": "Can add content type", "content_type": 5, "codename": "add_contenttype"}}, {"model": "auth.permission", "pk": 18, "fields": {"name": "Can change content type", "content_type": 5, "codename": "change_contenttype"}}, {"model": "auth.permission", "pk": 19, "fields": {"name": "Can delete content type", "content_type": 5, "codename": "delete_contenttype"}}, {"model": "auth.permission", "pk": 20, "fields": {"name": "Can view content type", "content_type": 5, "codename": "view_contenttype"}}, {"model": "auth.permission", "pk": 21, "fields": {"name": "Can add session", "content_type": 6, "codename": "add_session"}}, {"model": "auth.permission", "pk": 22, "fields": {"name": "Can change session", "content_type": 6, "codename": "change_session"}}, {"model": "auth.permission", "pk": 23, "fields": {"name": "Can delete session", "content_type": 6, "codename": "delete_session"}}, {"model": "auth.permission", "pk": 24, "fields": {"name": "Can view session", "content_type": 6, "codename": "view_session"}}, {"model": "auth.permission", "pk": 25, "fields": {"name": "Can add experience", "content_type": 7, "codename": "add_experience"}}, {"model": "auth.permission", "pk": 26, "fields": {"name": "Can change experience", "content_type": 7, "codename": "change_experience"}}, {"model": "auth.permission", "pk": 27, "fields": {"name": "Can delete experience", "content_type": 7, "codename": "delete_experience"}}, {"model": "auth.permission", "pk": 28, "fields": {"name": "Can view experience", "content_type": 7, "codename": "view_experience"}}, {"model": "auth.permission", "pk": 29, "fields": {"name": "Can add skill", "content_type": 8, "codename": "add_skill"}}, {"model": "auth.permission", "pk": 30, "fields": {"name": "Can change skill", "content_type": 8, "codename": "change_skill"}}, {"model": "auth.permission", "pk": 31, "fields": {"name": "Can delete skill", "content_type": 8, "codename": "delete_skill"}}, {"model": "auth.permission", "pk": 32, "fields": {"name": "Can view skill", "content_type": 8, "codename": "view_skill"}}, {"model": "auth.permission", "pk": 33, "fields": {"name": "Can add user profile", "content_type": 9, "codename": "add_userprofile"}}, {"model": "auth.permission", "pk": 34, "fields": {"name": "Can change user profile", "content_type": 9, "codename": "change_userprofile"}}, {"model": "auth.permission", "pk": 35, "fields": {"name": "Can delete user profile", "content_type": 9, "codename": "delete_userprofile"}}, {"model": "auth.permission", "pk": 36, "fields": {"name": "Can view user profile", "content_type": 9, "codename": "view_userprofile"}}, {"model": "auth.permission", "pk": 37, "fields": {"name": "Can add license certificate", "content_type": 10, "codename": "add_licensecertificate"}}, {"model": "auth.permission", "pk": 38, "fields": {"name": "Can change license certificate", "content_type": 10, "codename": "change_licensecertificate"}}, {"model": "auth.permission", "pk": 39, "fields": {"name": "Can delete license certificate", "content_type": 10, "codename": "delete_licensecertificate"}}, {"model": "auth.permission", "pk": 40, "fields": {"name": "Can view license certificate", "content_type": 10, "codename": "view_licensecertificate"}}, {"model": "auth.permission", "pk": 41, "fields": {"name": "Can add education", "content_type": 11, "codename": "add_education"}}, {"model": "auth.permission", "pk": 42, "fields": {"name": "Can change education", "content_type": 11, "codename": "change_education"}}, {"model": "auth.permission", "pk": 43, "fields": {"name": "Can delete education", "content_type": 11, "codename": "delete_education"}}, {"model": "auth.permission", "pk": 44, "fields": {"name": "Can view education", "content_type": 11, "codename": "view_education"}}, {"model": "auth.permission", "pk": 45, "fields": {"name": "Can add connection request", "content_type": 12, "codename": "add_connectionrequest"}}, {"model": "auth.permission", "pk": 46, "fields": {"name": "Can change connection request", "content_type": 12, "codename": "change_connectionrequest"}}, {"model": "auth.permission", "pk": 47, "fields": {"name": "Can delete connection request", "content_type": 12, "codename": "delete_connectionrequest"}}, {"model": "auth.permission", "pk": 48, "fields": {"name": "Can view connection request", "content_type": 12, "codename": "view_connectionrequest"}}, {"model": "auth.permission", "pk": 49, "fields": {"name": "Can add connection", "content_type": 13, "codename": "add_connection"}}, {"model": "auth.permission", "pk": 50, "fields": {"name": "Can change connection", "content_type": 13, "codename": "change_connection"}}, {"model": "auth.permission", "pk": 51, "fields": {"name": "Can delete connection", "content_type": 13, "codename": "delete_connection"}}, {"model": "auth.permission", "pk": 52, "fields": {"name": "Can view connection", "content_type": 13, "codename": "view_connection"}}, {"model": "auth.permission", "pk": 53, "fields": {"name": "Can add comment", "content_type": 14, "codename": "add_comment"}}, {"model": "auth.permission", "pk": 54, "fields": {"name": "Can change comment", "content_type": 14, "codename": "change_comment"}}, {"model": "auth.permission", "pk": 55, "fields": {"name": "Can delete comment", "content_type": 14, "codename": "delete_comment"}}, {"model": "auth.permission", "pk": 56, "fields": {"name": "Can view comment", "content_type": 14, "codename": "view_comment"}}, {"model": "auth.permission", "pk": 57, "fields": {"name": "Can add like", "content_type": 15, "codename": "add_like"}}, {"model": "auth.permission", "pk": 58, "fields": {"name": "Can change like", "content_type": 15, "codename": "change_like"}}, {"model": "auth.permission", "pk": 59, "fields": {"name": "Can delete like", "content_type": 15, "codename": "delete_like"}}, {"model": "auth.permission", "pk": 60, "fields": {"name": "Can view like", "content_type": 15, "codename": "view_like"}}, {"model": "auth.permission", "pk": 61, "fields": {"name": "Can add post", "content_type": 16, "codename": "add_post"}}, {"model": "auth.permission", "pk": 62, "fields": {"name": "Can change post", "content_type": 16, "codename": "change_post"}}, {"model": "auth.permission", "pk": 63, "fields": {"name": "Can delete post", "content_type": 16, "codename": "delete_post"}}, {"model": "auth.permission", "pk": 64, "fields": {"name": "Can view post", "content_type": 16, "codename": "view_post"}}, {"model": "auth.user", "pk": 1, "fields": {"password": "pbkdf2_sha256$1000000$sN8MGQoexloNAWI8G2vkU5$7as6pKR0aiopKix5l3vzB/Xs9M3yCxX/1NHIMoxCPV0=", "last_login": "2025-10-05T16:42:28.254Z", "is_superuser": false, "username": "sasa@gmail.com", "first_name": "", "last_name": "", "email": "", "is_staff": false, "is_active": true, "date_joined": "2025-09-25T12:15:41.798Z", "groups": [], "user_permissions": []}}, {"model": "auth.user", "pk": 2, "fields": {"password": "pbkdf2_sha256$1000000$chIkfYbjFOiAFTINRgQy8S$tY7nOfl2HTqWJTfaBvau9/Fg/d4pm0gdh/KA1DAJr50=", "last_login": "2025-10-04T12:57:44.739Z", "is_superuser": true, "username": "admin", "first_name": "", "last_name": "", "email": "", "is_staff": true, "is_active": true, "date_joined": "2025-09-27T07:09:03.736Z", "groups": [], "user_permissions": []}}, {"model": "auth.user", "pk": 3, "fields": {"password": "pbkdf2_sha256$1000000$OmpgTmRN2vR3ET0h0WkEy3$PBj42jso3yb2sqjdyHIw6lC8HF2xKdAp4lc+J5dpNfI=", "last_login": "2025-10-03T04:59:49.210Z", "is_superuser": false, "username": "haari@gmail.com", "first_name": "", "last_name": "", "email": "", "is_staff": false, "is_active": true, "date_joined": "2025-09-29T10:24:47.866Z", "groups": [], "user_permissions": []}}, {"model": "auth.user", "pk": 5, "fields": {"password": "pbkdf2_sha256$1000000$GlpFHTIpaK4i0OWU3p8kX6$c1Me5UlSilBqF1PQN6fVMW4x+EYvoq430hDAj1xjo30=", "last_login": "2025-10-06T08:32:01.480Z", "is_superuser": false, "username": "visal@gmail.com", "first_name": "", "last_name": "", "email": "", "is_staff": false, "is_active": true, "date_joined": "2025-10-01T08:42:02.337Z", "groups": [], "user_permissions": []}}, {"model": "auth.user", "pk": 6, "fields": {"password": "pbkdf2_sha256$1000000$TpdaMQZswjmflq1MdbUdIF$qmeVA4KdeIt6b70/8mrFdHcIy7ZOn9NmP+tJWI7na8M=", "last_login": "2025-10-04T05:07:29.078Z", "is_superuser": false, "username": "vinay@gmail.com", "first_name": "", "last_name": "", "email": "", "is_staff": false, "is_active": true, "date_joined": "2025-10-04T05:07:17.561Z", "groups": [], "user_permissions": []}}, {"model": "contenttypes.contenttype", "pk": 1, "fields": {"app_label": "admin", "model": "logentry"}}, {"model": "contenttypes.contenttype", "pk": 2, "fields": {"app_label": "auth", "model": "permission"}}, {"model": "contenttypes.contenttype", "pk": 3, "fields": {"app_label": "auth", "model": "group"}}, {"model": "contenttypes.contenttype", "pk": 4, "fields": {"app_label": "auth", "model": "user"}}, {"model": "contenttypes.contenttype", "pk": 5, "fields": {"app_label": "contenttypes", "model": "contenttype"}}, {"model": "contenttypes.contenttype", "pk": 6, "fields": {"app_label": "sessions", "model": "session"}}, {"model": "contenttypes.contenttype", "pk": 7, "fields": {"app_label": "User", "model": "experience"}}, {"model": "contenttypes.contenttype", "pk": 8, "fields": {"app_label": "User", "model": "skill"}}, {"model": "contenttypes.contenttype", "pk": 9, "fields": {"app_label": "User", "model": "userprofile"}}, {"model": "contenttypes.contenttype", "pk": 10, "fields": {"app_label": "User", "model": "licensecertificate"}}, {"model": "contenttypes.contenttype", "pk": 11, "fields": {"app_label": "User", "model": "education"}}, {"model": "contenttypes.contenttype", "pk": 12, "fields": {"app_label": "User", "model": "connectionrequest"}}, {"model": "contenttypes.contenttype", "pk": 13, "fields": {"app_label": "User", "model": "connection"}}, {"model": "contenttypes.contenttype", "pk": 14, "fields": {"app_label": "feed", "model": "comment"}}, {"model": "contenttypes.contenttype", "pk": 15, "fields": {"app_label": "feed", "model": "like"}}, {"model": "contenttypes.contenttype", "pk": 16, "fields": {"app_label": "feed", "model": "post"}}, {"model": "sessions.session", "pk": "d8q0nhwnyhx6y9ie9ycsqpr5f2ue7ct5", "fields": {"session_data": ".eJxVjDsOwjAQBe_iGlnrv0NJzxms9a7BAeRIcVIh7k4ipYD2zcx7i4TrUtPay5xGFmehxOl3y0jP0nbAD2z3SdLUlnnMclfkQbu8Tlxel8P9O6jY61Zb8uDNAKiyYoW2RB8LOmRi8Bwc2BuZYMhG4IA6ZGeiRqOHUGCzQHy-2qQ3ig:1v5Roa:80pGpj4uXvn5aDbSlfkg4d_j504t_o1DxrsMCrR5szM", "expire_date": "2025-10-19T16:42:28.258Z"}}, {"model": "sessions.session", "pk": "dw4hgwikecezulxvoob5g3cz5gexb9vd", "fields": {"session_data": ".eJxVjDsOwjAQBe_iGlnrv0NJzxms9a7BAeRIcVIh7k4ipYD2zcx7i4TrUtPay5xGFmehxOl3y0jP0nbAD2z3SdLUlnnMclfkQbu8Tlxel8P9O6jY61Zb8uDNAKiyYoW2RB8LOmRi8Bwc2BuZYMhG4IA6ZGeiRqOHUGCzQHy-2qQ3ig:1v3TGS:9Vxsn0vSdqF3KX904aGUETMoRYKh6cIgD55dOSYXJJc", "expire_date": "2025-10-14T05:51:04.071Z"}}, {"model": "sessions.session", "pk": "emc9yu6405rjgf45kx2k8y6znjo2oujs", "fields": {"session_data": ".eJxVjDsOwjAQBe_iGlk2iz9Q0ucM1m68iwPIluKkQtwdIqWA9s3Me6mE61LS2nlOU1YX5dThdyMcH1w3kO9Yb02PrS7zRHpT9E67Hlrm53V3_w4K9vKtAwSKiGLACZMH46y3gnDmyEGQWdiQzzkQBoEj2CgE_mSiB6RATr0_AXw4lg:1v5gdV:cRpDsTqdE_ZHM_O6dqMtPRyoPlz-QW-p_FTjAPE_Iiw", "expire_date": "2025-10-20T08:32:01.485Z"}}, {"model": "User.userprofile", "pk": 1, "fields": {"user": 1, "full_name": "Alphons ", "headline": "Software Engineer", "location": "Kochi", "summary": "Passionate in problem solving and backend developmen", "profile_photo": "profile_photos/Screenshot_From_2025-08-28_11-47-22.png", "phone": "979797979797", "background_photo": "background_photos/Screenshot_From_2025-04-03_12-28-16.png", "profile_headline": null}}, {"model": "User.userprofile", "pk": 2, "fields": {"user": 3, "full_name": "Haari Johns", "headline": "Software Developer", "location": "Kochi", "summary": "", "profile_photo": "profile_photos/Screenshot_From_2025-08-28_11-47-05.png", "phone": "6235439405", "background_photo": "", "profile_headline": null}}, {"model": "User.userprofile", "pk": 4, "fields": {"user": 5, "full_name": "Visal Baapuji", "headline": "Software Developer", "location": "Trivandrum", "summary": "", "profile_photo": "profile_photos/default-profile.png", "phone": "8078880788", "background_photo": "", "profile_headline": null}}, {"model": "User.userprofile", "pk": 5, "fields": {"user": 6, "full_name": "Vinay Reddy", "headline": null, "location": null, "summary": null, "profile_photo": "profile_photos/default-profile.png", "phone": "9898989898", "background_photo": "", "profile_headline": null}}, {"model": "User.licensecertificate", "pk": 1, "fields": {"userprofile": 1, "name": "Django Certification", "issuing_org": "Brototype", "issue_date": "2025-10-17", "expiry_date": null, "certificate_file": "certificates/WOPA160517_D056-resized.jpg"}}, {"model": "User.licensecertificate", "pk": 2, "fields": {"userprofile": 1, "name": "AWS Certification", "issuing_org": "Amazon", "issue_date": "2025-10-15", "expiry_date": null, "certificate_file": "autumn-leaf-pile.png"}}, {"model": "User.licensecertificate", "pk": 3, "fields": {"userprofile": 1, "name": "Python for ML", "issuing_org": "NPTEL", "issue_date": "2025-10-17", "expiry_date": null, "certificate_file": "certificates/images.jpeg"}}, {"model": "User.licensecertificate", "pk": 4, "fields": {"userprofile": 1, "name": "Deep Learning", "issuing_org": "KTU", "issue_date": "2025-10-13", "expiry_date": "2025-10-17", "certificate_file": "certificates/timothy-eberly-lhm2nldtc9g-unsplash.jpg"}}, {"model": "User.licensecertificate", "pk": 5, "fields": {"userprofile": 1, "name": "DSA using Python", "issuing_org": "Geeksforgeeks", "issue_date": "2025-10-10", "expiry_date": null, "certificate_file": "certificates/Screenshot_From_2025-02-17_21-25-42.png"}}, {"model": "User.experience", "pk": 1, "fields": {"userprofile": 1, "title": "Software Developer", "employment_type": "full-time", "company": "Mountblue", "is_current": true, "start_date": "2024-12-01", "end_date": null, "location": "Bangalore", "location_type": "on-site", "description": "wwwwwww"}}, {"model": "User.experience", "pk": 2, "fields": {"userprofile": 1, "title": "SDE 1", "employment_type": "contract", "company": "Amazon", "is_current": false, "start_date": "2018-01-01", "end_date": "2024-12-01", "location": "US", "location_type": "on-site", "description": "poli sanam"}}, {"model": "User.experience", "pk": 4, "fields": {"userprofile": 2, "title": "Software Developer", "employment_type": "full-time", "company": "Rajagiri", "is_current": true, "start_date": "2025-06-01", "end_date": null, "location": "Kochi", "location_type": "on-site", "description": ""}}, {"model": "User.experience", "pk": 5, "fields": {"userprofile": 4, "title": "Software developer at UST", "employment_type": "full-time", "company": "UST Global", "is_current": true, "start_date": "2024-08-01", "end_date": null, "location": "Trivandrum", "location_type": "on-site", "description": ""}}, {"model": "User.education", "pk": 1, "fields": {"userprofile": 1, "school": "SAPS", "degree": "Highschool", "field_of_study": null, "start_date": "1906-06-01", "end_date": "2018-03-01", "grade": "84.4", "description": "\r\n"}}, {"model": "User.education", "pk": 2, "fields": {"userprofile": 1, "school": "HCHSS", "degree": "Higher Secondary", "field_of_study": null, "start_date": "2021-04-01", "end_date": "2025-04-01", "grade": "92.5", "description": ""}}, {"model": "User.education", "pk": 3, "fields": {"userprofile": 1, "school": "College of Engineering Chengannur", "degree": "B.tech", "field_of_study": null, "start_date": "2020-06-01", "end_date": null, "grade": "6.61", "description": ""}}, {"model": "User.education", "pk": 4, "fields": {"userprofile": 1, "school": "ssssss", "degree": "sssss", "field_of_study": null, "start_date": "2005-01-01", "end_date": "2010-01-01", "grade": "23", "description": ""}}, {"model": "User.education", "pk": 5, "fields": {"userprofile": 1, "school": "aaaa", "degree": "aaaa", "field_of_study": null, "start_date": "2018-06-01", "end_date": "2020-06-01", "grade": "21", "description": ""}}, {"model": "User.education", "pk": 6, "fields": {"userprofile": 2, "school": "College of Engineering Chengannur", "degree": "B.Tech", "field_of_study": null, "start_date": "2020-06-01", "end_date": "2024-06-01", "grade": "6.51", "description": ""}}, {"model": "User.education", "pk": 7, "fields": {"userprofile": 4, "school": "College of Engineering Chengannur", "degree": "B.Tech", "field_of_study": "Computer Science", "start_date": "2020-06-01", "end_date": "2024-06-01", "grade": "7.6", "description": ""}}, {"model": "User.skill", "pk": 1, "fields": {"userprofile": 1, "skill_name": "Web Development", "license_certificates": [1, 3], "experiences": [1], "educations": [3]}}, {"model": "User.skill", "pk": 2, "fields": {"userprofile": 1, "skill_name": "Python", "license_certificates": [1, 3, 5], "experiences": [1], "educations": [3]}}, {"model": "User.skill", "pk": 3, "fields": {"userprofile": 1, "skill_name": "Data Structures and Algorithms", "license_certificates": [], "experiences": [1], "educations": [3]}}, {"model": "User.connection", "pk": 14, "fields": {"user1": 3, "user2": 1, "created_at": "2025-10-03T05:04:36.732Z"}}, {"model": "User.connection", "pk": 16, "fields": {"user1": 1, "user2": 5, "created_at": "2025-10-03T12:18:40.180Z"}}, {"model": "User.connection", "pk": 17, "fields": {"user1": 6, "user2": 1, "created_at": "2025-10-04T05:07:58.291Z"}}, {"model": "feed.post", "pk": 5, "fields": {"user": 1, "content": "llllllllllllllll", "image": "post_images/Screenshot_From_2025-08-27_16-03-10.png", "created_at": "2025-10-03T08:53:27.347Z", "updated_at": "2025-10-03T09:06:41.312Z"}}, {"model": "feed.post", "pk": 7, "fields": {"user": 4, "content": "hmm", "image": "post_images/Screenshot_From_2025-08-27_16-03-10_3wbEu1L.png", "created_at": "2025-10-03T11:28:32.306Z", "updated_at": "2025-10-03T11:28:32.306Z"}}, {"model": "feed.post", "pk": 8, "fields": {"user": 1, "content": "ok", "image": "post_images/Screenshot_From_2025-08-26_11-06-29.png", "created_at": "2025-10-03T12:22:07.429Z", "updated_at": "2025-10-03T12:22:07.429Z"}}, {"model": "feed.post", "pk": 9, "fields": {"user": 1, "content": "yayahbjbh", "image": "post_images/Screenshot_From_2025-04-06_12-43-25.png", "created_at": "2025-10-04T05:10:19.238Z", "updated_at": "2025-10-04T05:43:37.621Z"}}, {"model": "feed.comment", "pk": 9, "fields": {"user": 4, "post": 5, "content": "qwere\r\n", "parent": null, "created_at": "2025-10-03T10:46:45.067Z", "updated_at": "2025-10-03T10:46:45.067Z"}}, {"model": "feed.comment", "pk": 12, "fields": {"user": 4, "post": 5, "content": "dwccdwcdw", "parent": 9, "created_at": "2025-10-03T11:00:02.528Z", "updated_at": "2025-10-03T11:00:02.528Z"}}, {"model": "feed.comment", "pk": 13, "fields": {"user": 1, "post": 7, "content": "hm'\r\n", "parent": null, "created_at": "2025-10-03T12:13:08.035Z", "updated_at": "2025-10-03T12:13:08.035Z"}}, {"model": "feed.comment", "pk": 14, "fields": {"user": 1, "post": 8, "content": ".....\r\n", "parent": null, "created_at": "2025-10-03T12:22:42.326Z", "updated_at": "2025-10-03T12:22:42.326Z"}}, {"model": "feed.comment", "pk": 15, "fields": {"user": 4, "post": 8, "content": "00000", "parent": 14, "created_at": "2025-10-03T12:23:09.047Z", "updated_at": "2025-10-03T12:23:09.047Z"}}, {"model": "feed.comment", "pk": 16, "fields": {"user": 1, "post": 7, "content": "hnhrg\r\n", "parent": null, "created_at": "2025-10-04T05:11:10.454Z", "updated_at": "2025-10-04T05:11:10.454Z"}}, {"model": "feed.like", "pk": 12, "fields": {"user": 4, "post": 5, "comment": null, "created_at": "2025-10-03T11:14:31.238Z"}}, {"model": "feed.like", "pk": 14, "fields": {"user": 1, "post": 8, "comment": null, "created_at": "2025-10-03T12:22:27.760Z"}}, {"model": "feed.like", "pk": 15, "fields": {"user": 4, "post": 7, "comment": null, "created_at": "2025-10-03T19:53:59.393Z"}}, {"model": "feed.like", "pk": 16, "fields": {"user": 1, "post": 7, "comment": null, "created_at": "2025-10-04T05:11:04.377Z"}}, {"model": "feed.like", "pk": 17, "fields": {"user": 1, "post": 9, "comment": null, "created_at": "2025-10-04T05:21:33.694Z"}}]